Dim1_kmers,Dim1_weights,Dim2_kmers,Dim2_weights,Dim3_kmers,Dim3_weights,Dim4_kmers,Dim4_weights,Dim5_kmers,Dim5_weights,Dim6_kmers,Dim6_weights,Dim7_kmers,Dim7_weights,Dim8_kmers,Dim8_weights,Dim9_kmers,Dim9_weights,Dim10_kmers,Dim10_weights,Dim11_kmers,Dim11_weights,Dim12_kmers,Dim12_weights,Dim13_kmers,Dim13_weights,Dim14_kmers,Dim14_weights,Dim15_kmers,Dim15_weights,Dim16_kmers,Dim16_weights,Dim17_kmers,Dim17_weights,Dim18_kmers,Dim18_weights,Dim19_kmers,Dim19_weights,Dim20_kmers,Dim20_weights,Dim21_kmers,Dim21_weights,Dim22_kmers,Dim22_weights,Dim23_kmers,Dim23_weights,Dim24_kmers,Dim24_weights,Dim25_kmers,Dim25_weights,Dim26_kmers,Dim26_weights,Dim27_kmers,Dim27_weights,Dim28_kmers,Dim28_weights,Dim29_kmers,Dim29_weights,Dim30_kmers,Dim30_weights,Dim31_kmers,Dim31_weights,Dim32_kmers,Dim32_weights,Dim33_kmers,Dim33_weights,Dim34_kmers,Dim34_weights,Dim35_kmers,Dim35_weights,Dim36_kmers,Dim36_weights
CGC,1.05,CGC,1.56,TAA,1.02,GCG,1.34,CTG,0.73,GCG,1.37,TCG,0.83,CGC,2.07,TAA,1.43,ACG,1.22,TAA,1.6,TAA,1.85,ACG,0.9,TAA,1.09,ACG,0.84,TAA,2.25,CGG,1.01,CAC,0.89,ACG,0.89,TGA,0.93,CAC,1.05,CGC,1.3,GCG,1.44,TAA,1.03,TAA,1.35,TAA,1.26,AGC,0.69,CTG,0.93,CCC,1.12,TAG,1.11,CGG,2.63,TAA,0.64,TAA,6.31,TAA,4.01,GCC,2.46,CGG,2.27
ACG,0.7,CGG,1.31,GGG,0.83,CGC,0.95,GCG,0.67,TAA,0.83,CCC,0.77,TAA,1.36,CGG,1.38,TCG,0.9,TCG,0.95,CGC,1.38,TCG,0.7,CGC,0.85,CGG,0.81,TCC,0.61,CTG,0.82,CAT,0.79,CGG,0.64,GCG,0.71,CGG,0.99,TAA,0.98,GGG,0.73,ATG,0.63,TGA,1.28,ACG,0.8,CCC,0.61,TCG,0.93,GGG,0.9,GGG,0.62,CCC,1.38,CCC,0.49,CGC,2.96,CTC,2.89,CGG,2.4,CCC,1.76
CCG,0.67,CTG,1.11,AGC,0.77,TGA,0.91,CGC,0.61,AGG,0.6,TAG,0.57,TCG,1.03,TGA,0.83,GCG,0.89,GGG,0.83,CGG,1.18,AGC,0.65,ACG,0.76,CCC,0.71,CCG,0.55,GCG,0.8,TCG,0.78,TCG,0.6,CGC,0.59,TCG,0.82,ACG,0.86,CGC,0.61,CGG,0.62,CTG,1.23,CCG,0.74,TCG,0.57,CCC,0.92,AGC,0.89,CAT,0.55,TAA,1.34,GCG,0.49,CAC,2.19,ACG,2.87,GCA,2.3,TCG,1.71
TAG,0.5,TAA,0.84,CGC,0.75,GGG,0.88,CGT,0.58,ACG,0.58,GCC,0.56,ACG,0.73,CCG,0.82,CTG,0.79,AGG,0.53,TCG,1.05,TAA,0.61,TCG,0.65,CGC,0.5,CGC,0.5,CGC,0.76,ACG,0.58,AGA,0.59,TCG,0.59,GCC,0.56,CCC,0.54,TGA,0.45,CCC,0.58,TCG,1.16,GGG,0.63,GGG,0.56,CAC,0.91,CAT,0.83,TAA,0.53,AGC,1.12,GGC,0.48,CGA,2.09,GGA,2.58,AGC,2.3,TTC,1.67
ATC,0.47,CCC,0.79,ACG,0.69,TAG,0.61,CAC,0.56,CGC,0.5,TGA,0.55,AGC,0.73,GGG,0.69,CGG,0.77,TAC,0.52,TGA,0.93,GCG,0.53,GGG,0.57,CGT,0.42,CGG,0.47,TGA,0.75,CGG,0.56,TGA,0.52,TAA,0.55,GCG,0.49,GGG,0.52,AGC,0.39,ACG,0.56,CGG,0.73,CAT,0.6,CGC,0.54,TAA,0.74,GCG,0.81,CTG,0.5,TCG,1.12,CTG,0.48,CCG,2.03,GCG,2.49,CGT,2.2,ACC,1.67
CTA,0.39,TGA,0.47,TGA,0.58,CTG,0.5,GCC,0.49,CAT,0.48,ACG,0.54,CTC,0.56,CCC,0.56,CCG,0.73,CGT,0.42,CAC,0.73,TCC,0.51,CCC,0.5,AGG,0.35,ACC,0.44,ACG,0.59,TAA,0.47,CTC,0.46,TGC,0.53,TGA,0.46,CCG,0.42,GAC,0.37,AGT,0.5,GCG,0.47,GCG,0.53,TAG,0.51,TAC,0.65,TAG,0.79,TCG,0.46,GGG,1.08,AGA,0.4,TGC,1.89,GAT,2.45,GTA,2.14,CGT,1.58
CAT,0.39,CTC,0.45,TAG,0.53,GAG,0.4,TAG,0.44,GGG,0.38,CGT,0.52,CCG,0.55,TTC,0.55,TGA,0.71,ACG,0.36,ACG,0.57,AGG,0.47,ATG,0.45,TAG,0.33,ATC,0.38,TAG,0.47,GCC,0.46,ATG,0.41,CAT,0.53,TAA,0.37,TAG,0.39,TCG,0.36,GGG,0.48,AGA,0.46,GTG,0.49,CTG,0.5,AGC,0.6,CGG,0.76,CAC,0.45,GCC,1.07,CCG,0.37,GAC,1.81,GTG,2.44,TAC,2.11,AGT,1.55
CCC,0.38,TAC,0.41,TCG,0.53,GCC,0.38,CCG,0.39,TAC,0.31,TAA,0.44,TAG,0.52,TAG,0.54,CGC,0.7,TTG,0.35,CCC,0.52,TGC,0.35,CGG,0.43,GGA,0.3,ACG,0.36,CCC,0.36,CCC,0.46,CTG,0.41,TCC,0.52,CCC,0.34,AGT,0.39,GTG,0.36,TAG,0.43,GCC,0.43,GCC,0.47,TAA,0.48,TTC,0.55,TGG,0.7,ACC,0.35,CGC,0.99,CGG,0.34,GAG,1.81,CGC,2.44,CTG,2.09,TAC,1.48
AGC,0.36,CAC,0.38,CGG,0.52,TTC,0.36,AGC,0.37,CTG,0.28,CCG,0.44,CAC,0.5,CTG,0.44,TTC,0.49,CCC,0.32,CTG,0.51,AGT,0.32,ACC,0.39,CTC,0.29,AGA,0.35,ACC,0.34,ATG,0.41,GCC,0.38,CTG,0.5,TAC,0.33,CGG,0.37,TCA,0.32,CTC,0.41,TAG,0.37,CTA,0.37,ATC,0.41,CGC,0.55,CAG,0.62,ACG,0.33,AGA,0.92,CTA,0.33,TGT,1.79,AAG,2.38,ACA,2.08,CTA,1.45
TAA,0.36,GTA,0.31,CAC,0.42,TAA,0.36,TTC,0.34,TGA,0.27,CAG,0.38,GGG,0.46,AGC,0.42,CAT,0.33,ATG,0.31,AGC,0.37,CGG,0.32,CTG,0.37,GGC,0.28,CGT,0.35,GCC,0.33,CTC,0.35,CTA,0.34,CAC,0.39,TGG,0.31,GGC,0.36,CCC,0.29,ATA,0.38,AGG,0.36,TGC,0.37,CGG,0.38,AGA,0.5,TAC,0.54,CTA,0.3,TGA,0.79,GTG,0.3,ACG,1.78,CTG,2.37,AGT,2.08,GTT,1.42
TCG,0.34,ATC,0.31,AGG,0.41,GTC,0.35,CAT,0.34,TCC,0.23,CAC,0.33,AGA,0.39,TTG,0.39,ACC,0.3,GTA,0.3,CAT,0.37,GGG,0.3,GCG,0.35,CAC,0.27,TGA,0.29,CTA,0.32,CCG,0.33,TAA,0.33,AGT,0.34,ACG,0.3,GCG,0.35,GAG,0.28,CAC,0.34,CAC,0.36,CTG,0.36,AGA,0.37,CTA,0.48,ATC,0.48,GGC,0.3,TTC,0.79,GTC,0.25,ATG,1.76,TCG,2.37,TGC,2.07,TCC,1.41
GTG,0.29,GGA,0.3,CAT,0.37,TGC,0.34,CCC,0.32,GTG,0.22,CGC,0.32,GCC,0.36,CTC,0.38,GTT,0.29,GTG,0.29,AGA,0.33,ATC,0.28,TAG,0.3,TAC,0.27,TTG,0.28,CCG,0.31,GGG,0.3,TCC,0.33,ATG,0.34,TGC,0.29,GGA,0.34,ACG,0.28,GTA,0.34,GGC,0.35,CGG,0.33,GCT,0.36,CTC,0.45,AAG,0.48,CGG,0.27,CTG,0.72,GCA,0.24,CAT,1.73,ATC,2.36,GTC,2.07,TTA,1.41
AAT,0.27,AAA,0.26,GCG,0.37,ACG,0.32,GGG,0.29,CGT,0.22,GCA,0.28,CTG,0.35,AGT,0.38,CGT,0.27,TGA,0.29,ACC,0.32,GGA,0.28,AAA,0.24,GCG,0.27,ACA,0.27,TCC,0.3,CAA,0.28,GTC,0.32,GTA,0.33,TGT,0.28,TGA,0.33,CAG,0.26,CCG,0.33,TTC,0.35,ATA,0.31,TCC,0.36,ACG,0.35,GCC,0.47,AAG,0.27,TGT,0.7,CAT,0.23,GCG,1.72,AGA,2.33,GGT,2.07,CAC,1.36
CGA,0.27,TAG,0.24,GTC,0.34,GTA,0.3,ACG,0.28,CCG,0.2,CTC,0.26,CGT,0.32,TCA,0.36,GCC,0.27,ATA,0.26,CTA,0.23,TTG,0.27,AGT,0.24,ATA,0.26,TTC,0.25,AGT,0.3,AGT,0.27,ACC,0.32,GGG,0.29,CCT,0.27,ACT,0.31,ACC,0.25,CGC,0.31,GCA,0.34,TAG,0.29,ACG,0.34,ACC,0.34,CCT,0.46,AGT,0.27,CAT,0.68,ACG,0.23,TGG,1.71,TGG,2.31,ATC,2.06,CCA,1.35
GTA,0.26,GAG,0.23,GCC,0.33,CTC,0.28,ATC,0.28,CTA,0.19,TTG,0.26,GTG,0.31,TCC,0.35,GGC,0.26,TCA,0.26,GCG,0.21,CCC,0.27,TGG,0.23,GGG,0.26,GGG,0.24,TGC,0.28,CTT,0.26,ATA,0.3,ACC,0.29,GTA,0.26,GCC,0.3,CCT,0.22,TGG,0.3,CGC,0.34,AAG,0.25,CAT,0.26,CGG,0.34,ACT,0.45,CGC,0.26,TTG,0.64,GAC,0.22,AGG,1.7,TGC,2.29,ATG,2.05,ATA,1.32
GCC,0.25,GTG,0.23,GCA,0.32,TCG,0.27,AGG,0.26,TGG,0.18,TGC,0.25,CTA,0.27,GTA,0.34,TCA,0.25,AGC,0.22,GTG,0.21,TCT,0.26,GCA,0.23,GTC,0.23,TCA,0.23,CCT,0.24,GCA,0.23,CCG,0.29,GAC,0.25,TAG,0.26,TTC,0.29,TGG,0.22,TCA,0.26,ACC,0.32,GGA,0.23,CAA,0.24,GTG,0.28,TAT,0.43,GAA,0.22,CCG,0.62,TCA,0.22,ATA,1.69,AGC,2.28,TAT,2.04,ACT,1.32
CAC,0.25,GAA,0.22,CCG,0.31,CCC,0.27,CTA,0.25,GCA,0.18,TCC,0.25,GCA,0.26,ACC,0.34,GGA,0.23,TAG,0.22,ATC,0.2,CTG,0.26,CTC,0.22,ACA,0.22,CAC,0.23,TGG,0.23,CTA,0.23,TTC,0.26,ATA,0.25,CTT,0.25,GAC,0.24,GCA,0.22,GCC,0.24,CTC,0.32,CAG,0.23,TGC,0.23,GGG,0.28,GTA,0.41,TTT,0.21,CTA,0.61,CCT,0.21,TGA,1.68,TAT,2.27,CAA,2.04,AAC,1.29
AAC,0.24,GGG,0.21,ACT,0.29,CTT,0.24,AGA,0.24,TAG,0.18,CAT,0.24,AAT,0.24,ATA,0.34,CAA,0.22,CCG,0.21,AAA,0.2,AGA,0.24,TTG,0.22,GCT,0.22,ATG,0.23,AGC,0.23,TGC,0.21,CCT,0.26,TAC,0.24,CCA,0.22,GAG,0.22,AAG,0.21,AGG,0.24,CCC,0.29,AGC,0.23,TGA,0.22,GGC,0.26,TCT,0.4,ATG,0.2,GCG,0.6,TTA,0.21,GCC,1.68,TCC,2.27,GGG,2.04,TTT,1.29
AAG,0.23,ACC,0.2,CAG,0.29,ATC,0.24,TAA,0.23,TTA,0.17,CTA,0.24,ATC,0.23,GCC,0.33,AAC,0.22,CCT,0.2,TGC,0.18,TGG,0.23,TGC,0.2,AAT,0.21,AAT,0.22,CCA,0.23,TGA,0.19,TAG,0.24,GCC,0.23,TCC,0.2,CAG,0.22,CTA,0.21,CTG,0.21,CCT,0.27,GGT,0.22,ATG,0.22,AGT,0.26,ATA,0.38,ATA,0.2,TCC,0.59,GGG,0.21,GTG,1.67,AAA,2.27,GAA,2.04,TTG,1.28
CCT,0.23,TTC,0.2,TGT,0.29,GCA,0.24,GTT,0.22,ACA,0.15,ATC,0.23,CAG,0.22,CTA,0.31,CGA,0.22,GAG,0.2,GGA,0.17,AAA,0.21,TAC,0.19,AGA,0.2,AAG,0.21,GTC,0.21,TTC,0.19,CAC,0.24,TGT,0.21,TTG,0.19,ATG,0.22,GAT,0.18,TGA,0.19,GAG,0.26,CCA,0.21,GTC,0.21,GTT,0.26,CTA,0.37,TCA,0.2,CCT,0.59,ACT,0.2,TCT,1.62,AGG,2.23,CTT,2.03,ACG,1.28
AGT,0.21,TGC,0.2,TTC,0.27,AAT,0.23,GTG,0.2,CAA,0.14,TTC,0.22,TGA,0.21,TCG,0.28,AGG,0.21,CAC,0.2,TGG,0.17,ACA,0.19,CCG,0.18,GCA,0.2,CGA,0.21,GTG,0.21,CTG,0.19,AGG,0.22,CGG,0.19,GCA,0.18,GCA,0.21,CTC,0.18,TCG,0.19,CAG,0.25,CAC,0.21,TAC,0.2,CCT,0.25,TAA,0.36,CCC,0.19,CTC,0.58,GAG,0.2,GGA,1.62,CTA,2.22,CAG,1.99,CAA,1.27
TCA,0.21,GCA,0.19,TAC,0.25,CGT,0.22,TGG,0.2,GAG,0.14,GGC,0.21,GGA,0.21,CAT,0.28,GTA,0.21,GAC,0.17,CTT,0.15,GAG,0.18,CCA,0.18,GTG,0.19,TTA,0.21,TAC,0.21,AAA,0.18,GCA,0.2,GAG,0.19,CAT,0.18,CGA,0.2,CTT,0.17,TGT,0.19,TCC,0.25,AGG,0.21,TCA,0.2,AGG,0.25,AAT,0.35,TAC,0.18,GTA,0.56,ACC,0.19,GAA,1.61,TTA,2.19,TCA,1.98,ATG,1.25
TAC,0.21,ATA,0.18,ATC,0.24,TCA,0.22,ACT,0.2,TGC,0.14,ACT,0.21,CGA,0.2,TGC,0.26,ATG,0.21,TTC,0.17,CGT,0.14,CCA,0.18,ATA,0.18,TGT,0.19,GCG,0.2,CGT,0.2,CAG,0.17,TGT,0.18,GTT,0.18,GGG,0.17,TCG,0.19,TCT,0.17,CTA,0.18,ACT,0.23,GTT,0.21,ACC,0.19,CGT,0.24,GTT,0.35,GTG,0.17,AAA,0.56,ATC,0.19,GTA,1.61,CAC,2.18,GCG,1.98,CGC,1.24
CGG,0.21,TTG,0.18,TTG,0.23,GCT,0.22,GAG,0.17,TTC,0.14,AAG,0.21,TCA,0.2,GAG,0.24,CAC,0.21,GAT,0.16,CAG,0.14,AAC,0.18,GTC,0.18,CTT,0.17,GCC,0.18,AGG,0.2,GTC,0.17,GAA,0.18,AAC,0.16,CGT,0.16,GTT,0.19,TTC,0.17,CAG,0.16,AGC,0.22,TCG,0.2,TGG,0.17,TCC,0.23,TCC,0.35,AAT,0.15,GGA,0.56,ATT,0.17,GTC,1.58,GCT,2.17,ATT,1.97,GGT,1.24
ATA,0.2,GGT,0.17,AGA,0.23,CCG,0.19,GTC,0.17,AGT,0.13,TGG,0.2,AAG,0.19,CGT,0.22,TAC,0.2,ACT,0.14,TGT,0.13,CCG,0.17,TTC,0.17,GGT,0.17,GTC,0.18,GGC,0.2,TGG,0.16,CCC,0.17,CTA,0.15,ATA,0.16,CTA,0.18,GTC,0.16,ACC,0.16,TGC,0.2,AAT,0.2,AAA,0.17,TAG,0.22,TGT,0.34,AGC,0.15,ACC,0.54,AGC,0.17,CAG,1.58,GAG,2.12,AAC,1.97,TCA,1.23
GGA,0.2,CAG,0.17,ATA,0.23,AGC,0.18,ATA,0.17,TCA,0.12,AGG,0.17,ATG,0.19,TGT,0.22,CTA,0.19,CGA,0.14,AAG,0.13,GTA,0.17,AAC,0.17,TTG,0.16,GGT,0.18,GGA,0.2,GCT,0.16,GTA,0.13,TTA,0.15,ACA,0.15,TGC,0.17,GTT,0.16,GCA,0.16,TAC,0.18,ACT,0.2,GTA,0.16,CAG,0.21,TCG,0.34,TGA,0.14,ATG,0.5,GAT,0.16,ATT,1.57,TTT,2.11,ACT,1.96,AAA,1.23
CCA,0.19,CCA,0.17,CCT,0.22,GAC,0.17,TCT,0.16,AGA,0.11,GCT,0.17,CCC,0.17,GGA,0.22,ACA,0.17,GGC,0.14,GAG,0.13,GCC,0.16,ATC,0.17,TAT,0.15,GTT,0.17,GAT,0.19,CGT,0.15,ACT,0.13,TAG,0.15,AAG,0.15,AAC,0.17,TGC,0.14,AAG,0.15,CCG,0.17,AAC,0.2,CTC,0.16,CCA,0.2,GTC,0.32,TTC,0.14,ATC,0.5,TGC,0.16,GGC,1.57,GAA,2.09,GCT,1.95,ATT,1.2
GCA,0.19,TTA,0.16,ACA,0.21,CGG,0.16,GCA,0.15,CCC,0.11,CCT,0.16,GAG,0.17,GTG,0.21,GAC,0.15,CAT,0.12,ATT,0.12,TTC,0.16,AAT,0.15,TGG,0.14,TAG,0.17,CAC,0.18,GTG,0.15,TAT,0.11,CGA,0.14,AGA,0.15,TGG,0.13,CAC,0.14,AAA,0.14,CGT,0.16,CTT,0.2,GTG,0.16,ACT,0.2,CAC,0.32,GTC,0.14,ACA,0.49,CAA,0.16,ACA,1.55,ATT,2.09,AAT,1.95,GGG,1.2
CAG,0.18,AAC,0.15,GAG,0.21,GTT,0.16,CTC,0.14,GAA,0.1,AAA,0.16,GTT,0.17,AAA,0.18,TAG,0.15,ACA,0.12,TCA,0.11,ACT,0.15,CTT,0.14,ACT,0.14,CCC,0.17,ATC,0.17,TTA,0.13,GTG,0.11,AGA,0.14,AGT,0.14,TTT,0.13,CAA,0.14,GTC,0.14,CAT,0.15,GGC,0.18,GCG,0.15,ATC,0.15,GAG,0.32,CCA,0.13,TGC,0.48,TTC,0.15,AAG,1.55,TTG,2.08,TGT,1.95,CTT,1.19
CAA,0.16,ACG,0.14,GAC,0.19,GTG,0.14,ATG,0.13,GGC,0.1,TTT,0.16,TAC,0.16,GCG,0.17,TTG,0.14,TGC,0.12,TTT,0.11,ACC,0.15,AAG,0.13,TGC,0.14,AGT,0.16,GGT,0.16,ACT,0.13,AGC,0.1,ATT,0.14,GGA,0.14,ACA,0.12,CCA,0.13,TGC,0.13,CTT,0.13,CGT,0.17,ATA,0.15,CGA,0.14,GGT,0.31,TGT,0.12,CGT,0.48,AAA,0.14,AAT,1.54,AAT,2.07,GAG,1.94,CAG,1.18
ATT,0.15,TGT,0.14,TGC,0.18,AAG,0.14,TCG,0.13,GCC,0.09,ATG,0.15,GTA,0.16,ATC,0.17,CCT,0.14,TGG,0.11,ACA,0.11,CGT,0.15,CCT,0.13,ATC,0.13,GTG,0.16,TCG,0.15,ATT,0.13,AAA,0.1,TCA,0.14,TCT,0.14,AAG,0.12,TTG,0.12,CAA,0.11,CGA,0.13,AAA,0.16,CTT,0.15,AAG,0.14,ATG,0.3,ATT,0.11,TTT,0.48,ACA,0.14,AAA,1.54,TCT,2.04,GGC,1.93,CCT,1.18
ATG,0.14,CGA,0.13,AAG,0.18,AGG,0.14,GTA,0.12,AAA,0.09,GGT,0.14,ATA,0.16,CGA,0.16,TCC,0.13,GCA,0.11,CAA,0.11,GAT,0.13,GAA,0.12,TAA,0.13,CTG,0.16,ATA,0.14,AAG,0.12,TCT,0.09,CAA,0.13,GTG,0.12,AGC,0.12,AAA,0.12,ATT,0.11,ACG,0.13,TAC,0.16,TTT,0.14,GAC,0.14,ACC,0.29,TAT,0.11,ACT,0.47,CTT,0.14,CTC,1.52,GGC,2.04,TCT,1.93,AAG,1.18
TGA,0.13,AGA,0.12,CTA,0.17,TCT,0.13,ACC,0.12,ATA,0.08,GGA,0.13,CGG,0.15,GAA,0.15,ATA,0.12,CAG,0.11,AGT,0.11,AAT,0.13,GCT,0.1,TTC,0.13,ATT,0.15,ACT,0.13,CCT,0.11,CGA,0.09,CGT,0.13,ACT,0.11,AAT,0.12,GAA,0.12,TAC,0.1,ATC,0.12,ACC,0.16,TTA,0.14,TGT,0.14,GCT,0.29,CAG,0.1,TCT,0.45,CGT,0.14,CTT,1.51,GTC,2.04,GTG,1.91,GCT,1.18
GGC,0.13,GCT,0.11,GTT,0.16,AAC,0.12,AAC,0.11,CAC,0.08,CTT,0.13,GTC,0.15,ACG,0.15,GGT,0.12,TCC,0.11,CCT,0.1,CAA,0.13,TCA,0.1,AAG,0.13,GAC,0.14,CAT,0.12,TAT,0.1,GGG,0.09,ACG,0.12,ATT,0.11,CTG,0.11,TAG,0.11,TCC,0.1,TGG,0.12,GCA,0.14,GAA,0.12,GAA,0.13,CGT,0.27,TGC,0.1,TCA,0.44,CAC,0.13,TAC,1.51,GTA,2.03,CCT,1.91,GGC,1.18
TTC,0.12,TCT,0.11,CAA,0.15,CTA,0.12,AAG,0.11,CCA,0.08,ACC,0.13,ACA,0.13,CAC,0.13,CTC,0.12,AAG,0.1,AAC,0.1,GTC,0.12,TCC,0.1,AGC,0.12,CTC,0.13,TCA,0.12,GAG,0.1,TTG,0.08,GTC,0.12,TTT,0.09,CGT,0.1,GGC,0.1,ATC,0.09,TAT,0.11,GAG,0.13,TGT,0.12,TGC,0.13,CGC,0.27,ACA,0.09,AAT,0.44,TTT,0.13,TAT,1.5,GAC,2.02,CCA,1.9,AGG,1.14
GAC,0.12,GGC,0.11,ACC,0.15,TGG,0.12,GGT,0.11,CCT,0.08,AAC,0.13,TCT,0.12,AGG,0.13,TGG,0.11,AAA,0.09,TTC,0.09,GCA,0.11,GGC,0.09,ATG,0.12,TCT,0.12,ATG,0.12,AAT,0.1,AAT,0.08,CTC,0.1,GTT,0.09,AGA,0.1,ATC,0.1,AGA,0.09,ATT,0.11,TTC,0.13,GCC,0.11,GAG,0.13,CTG,0.26,GTA,0.09,TAT,0.43,TGA,0.13,CGG,1.49,CCA,2.01,GTT,1.85,ACA,1.14
TGC,0.11,TGG,0.1,CGT,0.15,CAG,0.12,CAA,0.1,AGC,0.08,GTT,0.12,GCT,0.11,ATG,0.13,GGG,0.11,AAC,0.09,GTT,0.09,CTC,0.1,ACA,0.09,CCA,0.11,GAT,0.12,AAG,0.11,GCG,0.09,GAT,0.08,AGG,0.1,CGA,0.09,TTG,0.1,AAT,0.1,GAT,0.09,GGG,0.1,TGA,0.12,AGG,0.1,GTA,0.12,AAA,0.26,CGT,0.08,GCA,0.42,CGC,0.12,TTG,1.49,CTT,2.01,CAT,1.84,GAC,1.13
TTG,0.11,CCG,0.1,CTC,0.15,CCT,0.11,CGA,0.1,CGG,0.08,GTG,0.12,TCC,0.1,TAT,0.13,AAG,0.11,TGT,0.08,CCG,0.09,CAC,0.1,CGT,0.08,AAA,0.11,GCT,0.12,CTT,0.11,GTT,0.09,GCG,0.08,AAT,0.1,CCG,0.08,TCA,0.1,CCG,0.09,CGT,0.09,GGT,0.1,TCA,0.12,CAC,0.1,AAA,0.12,TGC,0.25,GGT,0.07,ATA,0.42,TAC,0.11,CCC,1.48,CCT,2.0,ATA,1.83,GAA,1.12
AGG,0.11,CTT,0.09,TCC,0.14,ACC,0.11,TTG,0.09,CGA,0.07,GTC,0.11,TGC,0.1,TGG,0.12,TAT,0.1,TAT,0.08,ATG,0.08,TCA,0.09,GAG,0.08,GTA,0.11,GCA,0.12,TTA,0.11,ACA,0.09,ATT,0.07,TTC,0.1,AGC,0.08,AAA,0.09,GTA,0.09,GTG,0.09,GAA,0.09,TGG,0.11,TCT,0.1,TTT,0.11,AAC,0.23,TTG,0.07,TAC,0.41,TGT,0.11,GTT,1.48,AAC,2.0,TTT,1.8,AAT,1.12
AGA,0.11,AGG,0.09,GAT,0.14,TTT,0.1,TCA,0.09,AAC,0.06,GTA,0.11,TGT,0.09,ACT,0.12,TGC,0.09,GAA,0.08,TAG,0.08,TGA,0.08,AGC,0.08,CCT,0.11,TCG,0.11,AGA,0.11,TCA,0.09,CAT,0.07,TTG,0.1,TTA,0.08,GTC,0.09,CGG,0.08,CAT,0.08,ATG,0.09,GTA,0.11,CCA,0.09,AAT,0.11,TTC,0.23,AAC,0.06,AAG,0.39,AAT,0.11,GCA,1.48,CAA,1.98,CCC,1.79,GAT,1.12
GAG,0.1,TCA,0.09,GCT,0.14,AGT,0.09,GGA,0.08,GTC,0.06,AGA,0.11,TTA,0.09,TAC,0.12,CCA,0.09,CTA,0.08,GCT,0.07,AAG,0.08,CAG,0.08,CAA,0.11,AGG,0.11,CAG,0.1,TAC,0.08,CCA,0.07,CCT,0.09,CTG,0.07,CAC,0.09,TGT,0.08,AGC,0.08,TTA,0.09,TTT,0.1,TTG,0.09,ATG,0.1,TCA,0.23,TCC,0.06,CAC,0.39,CTC,0.11,GAT,1.47,CAT,1.97,TCC,1.77,TGG,1.12
AAA,0.1,GCC,0.08,CCA,0.14,ACA,0.09,AGT,0.08,CTC,0.06,CGG,0.11,ACT,0.08,AAC,0.11,GCA,0.08,CGG,0.07,GGG,0.07,TAT,0.07,CAC,0.07,ATT,0.1,CCA,0.1,GCT,0.1,AGG,0.07,GGT,0.07,ATC,0.09,GAT,0.06,TCC,0.09,ATA,0.08,TAT,0.07,ATA,0.09,AGA,0.1,CCT,0.09,GAT,0.1,GGC,0.21,TTA,0.06,GTT,0.38,GGT,0.1,TTT,1.47,TCA,1.96,AGA,1.77,GTG,1.1
TGG,0.1,TCG,0.08,AAT,0.12,TGT,0.08,TTT,0.08,TTG,0.06,TAC,0.09,AGT,0.08,CAG,0.11,AGA,0.08,GTC,0.07,CGA,0.07,CGA,0.07,CTA,0.07,CTA,0.1,CAG,0.1,GTA,0.1,GAT,0.07,GTT,0.06,GCT,0.08,AAA,0.06,CTT,0.08,TAC,0.08,TTG,0.07,GAC,0.08,ATT,0.1,GGA,0.09,TCT,0.1,CCG,0.21,ATC,0.05,CCA,0.36,CCA,0.1,CTA,1.46,TGT,1.94,ACC,1.77,GCG,1.09
ACT,0.1,CAA,0.07,GAA,0.1,GAA,0.07,CCA,0.07,TGT,0.06,AGC,0.09,TTG,0.07,CCA,0.11,TTA,0.08,CTT,0.07,GGT,0.07,CGC,0.07,TAT,0.06,GAT,0.1,GGA,0.1,TAA,0.09,AGC,0.07,AAC,0.06,AAA,0.08,CAA,0.06,GAT,0.06,CGT,0.08,TTC,0.06,TCA,0.08,CCT,0.1,GAC,0.09,GGT,0.1,GAC,0.2,TCT,0.05,GAA,0.36,GAA,0.1,CCT,1.46,GCC,1.93,TTG,1.75,TCT,1.09
CGT,0.1,ACT,0.07,CCC,0.09,GAT,0.06,CAG,0.07,TTT,0.05,GAC,0.09,TTT,0.06,ATT,0.11,GCT,0.05,ATT,0.07,GAT,0.07,ATA,0.06,ATT,0.06,GAG,0.09,AAC,0.09,GAC,0.08,ACC,0.07,TGC,0.06,TAT,0.08,TTC,0.06,TGT,0.06,TTT,0.07,TCT,0.06,CTA,0.07,TAT,0.09,AAG,0.09,CTT,0.09,ACG,0.17,CTT,0.05,GAT,0.35,CAG,0.09,GGT,1.45,AGT,1.92,GAT,1.74,GCA,1.08
ACC,0.08,GTC,0.06,AAC,0.09,AGA,0.04,ATT,0.07,CAG,0.05,TCA,0.08,CCT,0.06,GAC,0.11,GTG,0.05,GTT,0.06,TAC,0.05,GTG,0.06,TGA,0.05,TGA,0.09,CTA,0.09,TTT,0.08,GGC,0.06,TTT,0.05,CCA,0.07,GCT,0.06,CCA,0.06,CGA,0.07,GTT,0.06,TGT,0.07,TCC,0.08,GGC,0.08,TAT,0.07,TTA,0.16,AGG,0.05,GGT,0.34,TAG,0.09,ACT,1.45,ATA,1.92,GAC,1.73,GTC,1.08
GCT,0.08,TTT,0.06,GGT,0.08,CGA,0.04,AAT,0.07,GAC,0.05,CCA,0.07,GGC,0.06,CGC,0.1,AAT,0.05,CCA,0.06,TCC,0.05,GAC,0.06,ACT,0.05,TTT,0.08,AAA,0.08,CTC,0.08,TCC,0.06,CTT,0.05,GTG,0.06,ATG,0.06,ACC,0.05,ATG,0.07,AAC,0.05,GTG,0.07,CGC,0.08,GGT,0.08,GCC,0.07,CTC,0.15,AGA,0.05,TTA,0.31,GTA,0.08,CCA,1.45,GGT,1.91,GGA,1.71,CTG,1.06
GCG,0.06,ACA,0.06,GTA,0.07,TAT,0.04,GAA,0.07,ATT,0.05,TTA,0.07,ATT,0.05,GGC,0.09,ATC,0.05,CTG,0.06,CCA,0.05,TAG,0.05,TCT,0.05,TCG,0.08,CAT,0.08,TAT,0.07,ATC,0.06,TGG,0.05,GAA,0.06,CGC,0.06,TAT,0.05,AAC,0.06,ACA,0.05,GTT,0.07,TCT,0.08,ATT,0.08,CAA,0.06,CAA,0.14,TGG,0.05,CAA,0.31,CGA,0.08,AAC,1.44,ACA,1.88,AGG,1.71,TAG,1.06
GGT,0.06,GAT,0.06,CGA,0.07,GGC,0.04,GCT,0.06,TCG,0.05,GAG,0.07,GGT,0.04,AAG,0.08,CTT,0.04,TTA,0.06,GGC,0.04,TAC,0.05,TGT,0.05,CGA,0.08,ATA,0.08,TTC,0.07,AGA,0.05,TCA,0.05,TGG,0.06,GAA,0.05,GGT,0.05,GCC,0.06,GAC,0.05,CAA,0.06,CCC,0.07,ACT,0.07,CAT,0.06,TTT,0.14,GGA,0.04,GTC,0.31,GCC,0.08,AGT,1.44,CAG,1.87,AAG,1.7,AGA,1.02
TGT,0.06,AGC,0.05,TCA,0.05,TCC,0.04,TGA,0.05,GGT,0.04,AAT,0.07,CTT,0.04,GAT,0.07,GAT,0.04,AGT,0.05,AAT,0.04,TGT,0.05,GGA,0.05,GCC,0.08,ACT,0.08,CGA,0.07,CGC,0.05,AAG,0.05,GGA,0.05,ACC,0.05,GCT,0.05,CAT,0.06,GAG,0.04,ACA,0.06,GTC,0.06,CTA,0.07,TTA,0.05,AGT,0.13,GCT,0.04,TGG,0.31,TCC,0.07,GCT,1.44,ACC,1.86,TTA,1.69,CAT,0.97
GAA,0.04,GAC,0.05,TTA,0.05,CCA,0.04,AAA,0.05,TCT,0.04,GAA,0.07,TTC,0.03,TTA,0.06,TTT,0.04,GCC,0.04,TTA,0.03,GCT,0.04,GGT,0.05,CAT,0.07,CCT,0.08,GCA,0.06,GAC,0.04,GGA,0.04,CCC,0.05,GAC,0.04,TAC,0.04,ACA,0.06,CCT,0.04,TTG,0.06,CAA,0.06,TAT,0.07,GTC,0.05,GAA,0.12,CGA,0.04,AAC,0.28,GCT,0.07,CAA,1.43,CCG,1.86,AAA,1.68,CTC,0.97
GTT,0.04,AAG,0.05,AAA,0.05,ATT,0.03,CGG,0.04,GTT,0.04,ATA,0.05,CAA,0.03,CTT,0.06,AAA,0.04,TTT,0.04,ACT,0.03,CAG,0.04,GTA,0.05,CCG,0.07,GAA,0.07,AAT,0.05,GGA,0.04,AGT,0.04,CAG,0.05,ATC,0.04,CTC,0.04,AGA,0.06,AAT,0.04,GAT,0.05,GAA,0.06,AAC,0.06,TGA,0.04,ATT,0.1,GCA,0.04,GAC,0.27,AAG,0.06,TCA,1.43,GCA,1.83,CCG,1.65,GAG,0.95
CTC,0.04,GCG,0.05,TAT,0.05,ACT,0.03,TTA,0.04,ACT,0.03,CTG,0.04,TAT,0.03,TCT,0.06,CCC,0.04,GGT,0.04,TAT,0.03,CTT,0.04,GTT,0.04,AGT,0.06,TGT,0.07,ACA,0.05,TAG,0.04,ACA,0.04,AAG,0.04,CTA,0.03,AGG,0.04,TCC,0.05,GGC,0.03,TCT,0.04,TGT,0.06,CAG,0.06,TTG,0.04,GAT,0.09,GTT,0.03,CTT,0.26,TAT,0.06,TCG,1.42,GTT,1.79,TGG,1.58,ATC,0.94
TCC,0.04,ATT,0.04,CTT,0.04,AAA,0.03,TGC,0.04,GGA,0.03,TCT,0.04,TGG,0.03,GCT,0.05,TGT,0.04,AAT,0.03,TCT,0.03,CTA,0.04,AGG,0.04,TTA,0.05,GGC,0.07,CAA,0.04,TTT,0.03,ATC,0.04,GGC,0.04,TCA,0.03,ATA,0.04,AGT,0.05,GGA,0.03,AAA,0.03,CGA,0.05,GAT,0.06,ACA,0.04,GCA,0.08,CTC,0.03,ATT,0.24,ATG,0.06,GGG,1.4,GGG,1.76,CTC,1.57,TAT,0.94
CTG,0.03,CGT,0.03,ATG,0.04,CAT,0.02,CTT,0.04,AAG,0.02,ATT,0.03,ACC,0.03,GCA,0.05,ACT,0.04,ACC,0.03,CTC,0.03,ATG,0.03,CAA,0.03,TCC,0.04,TAT,0.06,GTT,0.04,ATA,0.03,CGT,0.04,GAT,0.04,AAT,0.03,TCT,0.04,ACT,0.04,CGA,0.03,GCT,0.02,AGT,0.05,GAG,0.05,AAC,0.04,CCA,0.08,GAG,0.03,CAG,0.23,GGA,0.06,TTA,1.39,ATG,1.76,TTC,1.55,TGT,0.92
CTT,0.03,CCT,0.03,ATT,0.04,TTA,0.02,TCC,0.04,ATG,0.02,CAA,0.03,AAC,0.02,CAA,0.04,GAA,0.04,CTC,0.03,GTC,0.03,ATT,0.03,GCC,0.03,GTT,0.04,AGC,0.05,AAC,0.04,GGT,0.03,GGC,0.03,AGC,0.03,AAC,0.03,TTA,0.03,TAA,0.04,CTT,0.03,GTA,0.02,CTC,0.03,ACA,0.05,GGA,0.03,GTG,0.08,CCT,0.03,ACG,0.21,TGG,0.05,AGC,1.38,CGG,1.76,CTA,1.36,GTA,0.91
TCT,0.03,CAT,0.03,AGT,0.03,GGT,0.02,GAC,0.04,TAT,0.02,TGT,0.03,CAT,0.02,GTC,0.04,GAG,0.03,GCG,0.02,AGG,0.03,TTT,0.02,GAT,0.03,ACC,0.02,TAC,0.05,TTG,0.03,AAC,0.02,TAC,0.03,GCA,0.03,CAG,0.02,CCT,0.03,CTG,0.04,TTA,0.03,CCA,0.02,GAT,0.03,AAT,0.04,GCA,0.02,ACA,0.07,CCG,0.02,AGG,0.21,AGG,0.05,AGA,1.36,TTC,1.75,CGC,1.24,GGA,0.86
GGG,0.02,GTT,0.03,TGG,0.02,TAC,0.02,GAT,0.03,AAT,0.02,ACA,0.02,CCA,0.02,GTT,0.04,TAA,0.02,CAA,0.02,GCC,0.03,GGC,0.02,TTA,0.03,CAG,0.02,TTT,0.05,TGT,0.03,GTA,0.02,CAA,0.03,GGT,0.03,GGT,0.02,CAA,0.03,TAT,0.04,CCA,0.02,AAT,0.02,TTG,0.02,CCG,0.04,TGG,0.01,TTG,0.05,GAT,0.02,GGC,0.2,ATA,0.04,TTC,1.35,ACT,1.75,TCG,1.24,AGC,0.79
ACA,0.02,TAT,0.02,TCT,0.02,ATA,0.02,CCT,0.03,GTA,0.01,TAT,0.02,GAT,0.01,AGA,0.03,TCT,0.02,CGC,0.02,TTG,0.02,GAA,0.01,CGA,0.03,AAC,0.02,GTA,0.04,AAA,0.02,TGT,0.02,GCT,0.03,CTT,0.01,AGG,0.02,ATT,0.03,TTA,0.04,GCG,0.02,GTC,0.01,ATG,0.02,AGT,0.03,GCG,0.01,CTT,0.04,GAC,0.02,AGT,0.2,AAC,0.04,ACC,1.32,TAC,1.65,CAC,1.24,GCC,0.71
TTA,0.01,ATG,0.02,GTG,0.01,ATG,0.02,TGT,0.02,ACC,0.01,AGT,0.01,GAC,0.01,GGT,0.03,AGC,0.02,TCT,0.01,GCA,0.01,CCT,0.01,CAT,0.02,GAC,0.01,GAG,0.04,GAA,0.01,GAA,0.02,GAG,0.02,ACA,0.01,CTC,0.01,GTA,0.01,ATT,0.03,GGT,0.01,TTT,0.01,GCT,0.01,GTT,0.03,ATT,0.01,GGA,0.04,AAA,0.01,GCT,0.19,AGT,0.04,TCC,1.31,CGA,1.63,TGA,1.22,TGC,0.7
TAT,0.01,AAT,0.02,GGC,0.01,TTG,0.01,GGC,0.02,CTT,0.01,GAT,0.01,AAA,0.0,CCT,0.02,GTC,0.02,AGA,0.01,GAA,0.01,TTA,0.01,AGA,0.01,CTG,0.01,CAA,0.04,GGG,0.01,CCA,0.01,GAC,0.02,TCT,0.01,GTC,0.01,ATC,0.01,GGT,0.01,GCT,0.01,AAC,0.01,TTA,0.01,TTC,0.02,ATA,0.01,AGG,0.03,GCC,0.01,GAG,0.18,TCG,0.03,ATC,1.3,CGT,1.53,ACG,1.05,CGA,0.34
GTC,0.01,TCC,0.01,TTT,0.01,GGA,0.01,ACA,0.02,GAT,0.01,GCG,0.01,GAA,0.0,TTT,0.02,AGT,0.01,GGA,0.01,GAC,0.01,GGT,0.01,TTT,0.01,TCA,0.01,TGG,0.02,TCT,0.0,TCT,0.0,TTA,0.02,ACT,0.01,TAT,0.01,GAA,0.01,AGG,0.01,TTT,0.01,GGA,0.01,ATC,0.01,GCA,0.02,GCT,0.01,TGA,0.02,GCG,0.0,GTG,0.09,GTT,0.02,CGT,1.28,TGA,1.51,CGA,0.76,CCG,0.18
TTT,0.0,AGT,0.01,CTG,0.01,CAA,0.0,TAT,0.01,ATC,0.01,GGG,0.0,AGG,0.0,AAT,0.02,CAG,0.0,ATC,0.01,ATA,0.01,GTT,0.01,GTG,0.01,GAA,0.01,CTT,0.0,GAG,0.0,CGA,0.0,CGC,0.01,TTT,0.01,GGC,0.0,GTG,0.01,GCT,0.01,GAA,0.01,AGT,0.0,GAC,0.01,CGA,0.01,CCG,0.01,AGA,0.01,CAA,0.0,CGA,0.09,TCT,0.01,TAG,1.17,CCC,1.15,TAG,0.43,TGA,0.06
GAT,0.0,CTA,0.01,GGA,0.0,CAC,0.0,TAC,0.01,GCT,0.01,CGA,0.0,GCG,0.0,ACA,0.01,ATT,0.0,GCT,0.01,GTA,0.0,CAT,0.0,GAC,0.0,TCT,0.0,TGC,0.0,ATT,0.0,TTG,0.0,CAG,0.0,CCG,0.01,GAG,0.0,CAT,0.0,GGA,0.0,ACT,0.01,AAG,0.0,ACA,0.0,CGT,0.01,TCA,0.0,CGA,0.0,ACT,0.0,TAG,0.06,TTG,0.0,CTG,1.09,TAG,0.3,TAA,0.33,TAA,0.03
